{
  "display": {
    "icon": {
      "item": "minecraft:fire_charge"
    },
    "title": {
      "translate": "advancement.earth.find_carboranea.title"
    },
    "description": {
      "translate": "advancement.earth.find_carboranea.desc"
    },
    "frame": "task",
    "show_toast": false,
    "announce_to_chat": false,
    "hidden": false
  },
  "parent": "earth:earthbounds/root",
  "criteria": {
    "requirement": {
      "trigger": "minecraft:tick",
      "conditions": {
        "player": {
          "type_specific": {
            "type": "player",
            "looking_at": {
              "type": "earth:carboranea"
            }
          }
        }
      }
    }
  }
}
